n_coords,time
1.0,0.5754641532897949
3.0,1.7799038887023926
5.0,3.0255449295043944
10.0,5.991142749786377
30.0,18.083046436309814
100.0,65.78674825032552